book_id	isbn	title	author	publisher	total_pages	cover_url
b001	9788934972464	사피엔스	유발 하라리	김영사	648	https://image.aladin.co.kr/product/31424/4/cover500/k482832219_1.jpg
b002	9788983711892	코스모스	칼 세이건	사이언스북스	719	https://image.aladin.co.kr/product/87/9/cover500/s412032094_1.jpg
b003	9788932474060	위대한 영화 1	로저 에버트	을유문화사	768	https://image.aladin.co.kr/product/21773/25/cover500/8932474060_1.jpg
b004	9788970126050	휴일의 에세이	이어령	문학사상사	358	https://image.aladin.co.kr/product/43/78/cover500/8970126058_2.jpg
b005	9788934938729	똑똑수학 C-3	월드김영사	월드김영사	144	https://image.aladin.co.kr/product/708/66/cover500/8934938722_1.jpg
b006	9788960173354	클린트 이스트우드	마크 엘리엇	민음인	616	https://image.aladin.co.kr/product/2419/72/cover500/8960173355_1.jpg
b007	9788901101545	그래도 나는 ING	휘성 (Wheesung)	리더스북	272	https://image.aladin.co.kr/product/474/31/cover500/8901101548_1.jpg
b008	9788937460449	데미안	헤르만 헤세	민음사	248	https://image.aladin.co.kr/product/26/0/cover500/s742633278_2.jpg
b009	9788954625319	엄마의 법칙	김륭	문학동네	116	https://image.aladin.co.kr/product/4387/6/cover500/8954625312_1.jpg
b010	9788937460777	1984	조지 오웰	민음사	452	https://image.aladin.co.kr/product/41/89/cover500/s122531356_2.jpg
b011	9788937460456	젊은 예술가의 초상	제임스 조이스	민음사	480	https://image.aladin.co.kr/product/26/93/cover500/s182933156_1.jpg
b012	9788937461781	그물을 헤치고	아이리스 머독	민음사	454	https://image.aladin.co.kr/product/215/65/cover500/8937461781_2.jpg
b013	9788937460548	조서	J.M.G. 르 클레지오	민음사	364	https://image.aladin.co.kr/product/30/1/cover500/s962934888_1.jpg
b014	9788937460203	한국단편문학선 2	장용학	민음사	486	https://image.aladin.co.kr/product/20/33/cover500/8937460203_3.jpg
b015	9788937461255	돼지꿈	황석영	민음사	416	https://image.aladin.co.kr/product/59/21/cover500/8937461250_2.jpg
b016	9788937461156	새로운 인생	단테 알리기에리	민음사	222	https://image.aladin.co.kr/product/54/53/cover500/8937461153_2.jpg
b017	9788972973157	군주론	니콜로 마키아벨리	까치	248	https://image.aladin.co.kr/product/5320/66/cover500/8972915785_1.jpg
b018	9788931002867	소크라테스의 변명	플라톤	문예출판사	144	https://image.aladin.co.kr/product/22/40/cover500/8931003714_3.jpg
b019	9788930038041	자명고		나남출판	666	https://image.aladin.co.kr/product/24/78/cover500/8930038042_1.gif
b020	9788971997550	북방 루트 리포트 : 환동해環東海 네트워크와 대륙철도	강태호	돌베개	296	https://image.aladin.co.kr/product/9750/17/cover500/e897199645_1.jpg
b021	9788934976707	호모 데우스	유발 하라리	김영사	568	https://image.aladin.co.kr/product/10044/18/cover500/8934977841_3.jpg
b022	9788934979623	21세기를 위한 21가지 제언	유발 하라리	김영사	460	https://image.aladin.co.kr/product/16234/14/cover500/8934982977_2.jpg
b023	9788945091000	시간의 역사	스티븐 호킹	삼성출판사	248	https://image.aladin.co.kr/product/25005/66/cover500/scm7418469847606.jpg
b024	9788935660179	페르마의 마지막 정리	사이먼 싱	영림카디널	348	https://image.aladin.co.kr/product/15/33/cover500/8985055976_1.jpg
b025	9788937461545	카라마조프가의 형제들 1	표도르 도스토옙스키	민음사	593	https://image.aladin.co.kr/product/98/80/cover500/s937461544_1.jpg
b026	9791196083878	2020 (초)미세먼지 관련 핵심 산업과 주요소재 기술 및 시장전망	(주)미래산업리서치 편집부	(주)미래산업리서치	650	https://image.aladin.co.kr/product/24840/55/cover500/k932631257_1.jpg
b027	9788937461286	쿠오 바디스 1	헨릭 시엔키에비츠	민음사	541	https://image.aladin.co.kr/product/60/93/cover500/8937461285_2.jpg
b028	9788937460821	런던 스케치	도리스 레싱	민음사	316	https://image.aladin.co.kr/product/42/87/cover500/s962137206_1.jpg
b029	9788932904115	죄와 벌 - 하	표도르 도스토옙스키	열린책들	485	https://image.aladin.co.kr/product/32/38/cover500/8932904111_1.gif
b030	9788932902517	문명과 그 불만	지그문트 프로이트	열린책들	120	https://image.aladin.co.kr/product/46/84/cover500/8932905207_1.jpg
b031	9791196083816	2018 신재생에너지 산업분야별 국내외 이슈분석과 핵심사업 시장전망	(주)미래산업리서치 편집부	(주)미래산업리서치	563	https://image.aladin.co.kr/product/12867/34/cover500/k772532281_1.jpg
b032	9791196083823	4차 산업 혁명 시대, ICT 융복합 하이테크 섬유.의류산업의 분야별 기술 및 시장전망	(주)미래산업리서치 편집부	(주)미래산업리서치	341	https://image.aladin.co.kr/product/12985/20/cover500/k952532799_1.jpg
b033	9791196083830	4차 산업 혁명을 주도하는 ICT 핵심 산업 및 부품시장 실태 전망	(주)미래산업리서치 편집부	(주)미래산업리서치	488	https://image.aladin.co.kr/product/14441/34/cover500/k952532349_1.jpg
b034	9791196083847	2018 (초)미세먼지 국내외 관련 산업 정책동향과 주요 핵심 산업 기술 및 시장 전망	(주)미래산업리서치 편집부	(주)미래산업리서치	561	https://image.aladin.co.kr/product/16365/14/cover500/k132533544_1.jpg
b035	9788937460081	토니오 크뢰거 / 트리스탄 / 베네치아에서의 죽음	토마스 만	민음사	608	https://image.aladin.co.kr/product/15/2/cover500/s212137206_1.jpg
b036	9788937461347	새로운 인생	오르한 파묵	민음사	401	https://image.aladin.co.kr/product/85/76/cover500/893746134x_2.jpg
b037	9788937460471	호밀밭의 파수꾼	제롬 데이비드 샐린저	민음사	320	https://image.aladin.co.kr/product/30882/22/cover500/8937460475_2.jpg
b038	9788937460289	삶의 한가운데	루이제 린저	민음사	432	https://image.aladin.co.kr/product/19/82/cover500/8937460289_3.jpg
b039	9788937460792	영혼의 집 2	이사벨 아옌데	민음사	340	https://image.aladin.co.kr/product/42/21/cover500/s937460793_1.jpg
b040	9788937460104	한국단편문학선 1	김동인	민음사	480	https://image.aladin.co.kr/product/20/33/cover500/s252932230_1.jpg
b042	9788937462375	한 줌의 먼지	에벌린 워	민음사	363	https://image.aladin.co.kr/product/626/90/cover500/8937462370_2.jpg
b043	9788937460524	황제를 위하여 2	이문열	민음사	264	https://image.aladin.co.kr/product/29/45/cover500/8937460521_2.jpg
b044	9788937462122	위대한 유산 1	찰스 디킨스	민음사	464	https://image.aladin.co.kr/product/421/38/cover500/8937462125_2.jpg
b045	9788937460388	달과 6펜스	서머싯 몸	민음사	376	https://image.aladin.co.kr/product/23/77/cover500/s692639624_2.jpg
b046	9788937460180	고리오 영감	오노레 드 발자크	민음사	486	https://image.aladin.co.kr/product/19/82/cover500/8937460181_3.jpg
b047	9788937461569	카라마조프가의 형제들 3	표도르 도스토옙스키	민음사	581	https://image.aladin.co.kr/product/98/80/cover500/8937461560_3.jpg
b048	9788937461767	괴테와의 대화 1	요한 페터 에커만	민음사	739	https://image.aladin.co.kr/product/214/60/cover500/8937461765_2.jpg
b049	9788937461644	운명의 딸 2	이사벨 아옌데	민음사	328	https://image.aladin.co.kr/product/103/14/cover500/8937461641_2.jpg
b050	9788937462009	홍길동전	허균	민음사	244	https://image.aladin.co.kr/product/310/38/cover500/8937462001_2.jpg
b051	9788937461002	춘향전	송성욱	민음사	356	https://image.aladin.co.kr/product/48/1/cover500/s572934786_1.jpg
b052	9788936434120	소년이 온다	한강	창비	216	https://image.aladin.co.kr/product/4086/97/cover500/8936434128_2.jpg
b053	9788936472016	나의 문화유산답사기 1	유홍준	창비	460	https://image.aladin.co.kr/product/1162/15/cover500/8936472011_1.jpg
b054	9788936437459	빛의 호위	조해진	창비	268	https://image.aladin.co.kr/product/10274/9/cover500/8936437453_1.jpg
b055	9788936434366	레몬	권여선	창비	208	https://image.aladin.co.kr/product/18910/79/cover500/8936434365_1.jpg
b056	9791160501841	무작정 따라하기 그리스 for Mobile	홍수연	길벗	344	https://image.aladin.co.kr/product/10961/20/cover500/e852430450_1.jpg
b057	9788935210237	인생을 배우다		청림출판	288	https://image.aladin.co.kr/product/4829/6/cover500/8935210234_1.jpg
b058	9791188200085	우로보로스 12	칸자키 유야	뒹굴	192	https://image.aladin.co.kr/product/12759/71/cover500/k752532576_1.jpg
b059	9791188850020	괜찮은 척은 그만두겠습니다	한재원	북라이프	240	https://image.aladin.co.kr/product/13493/46/cover500/k032532503_1.jpg
b060	9788955613650	고고학자, DNA 사냥을 떠나다	마틴 존스	바다출판사	468	https://image.aladin.co.kr/product/90/36/cover500/8955613652_1.jpg
b061	9788950940478	설득의 심리학	로버트 치알디니	21세기북스	476	https://image.aladin.co.kr/product/2865/28/cover500/8950949156_2.jpg
b062	9788934939290	공습 초등필수영단어 600 세트 5 (Workbook + Word Calendar + Word Card + Memory Box + CD + 활용 가이드)	공습교육연구회	스쿨라움(김영사)	80	https://image.aladin.co.kr/product/709/64/cover500/893493929x_1.jpg
b063	9788950919108	전략실행 프리미엄	데이비드 P. 노튼	21세기북스	424	https://image.aladin.co.kr/product/411/15/cover500/8950919109_1.jpg
b064	9788950919092	미니 모질게 토익 문법 집중공략	임동찬	21세기북스	352	https://image.aladin.co.kr/product/420/78/cover500/8950919095_1.jpg
b065	9788983925077	해리 포터 시리즈 1~4편 세트 - 전10권	J.K. 롤링	문학수첩	236	https://image.aladin.co.kr/product/3693/91/cover500/8983925078_1.jpg
b066	9788934920519	사주 입문	이정환	김영사	120	https://image.aladin.co.kr/product/61/32/cover500/8934920513_1.jpg
b067	9788947536417	제로 투 원	피터 틸	한국경제신문	268	https://image.aladin.co.kr/product/4908/56/cover500/8947529877_1.jpg
b068	9788932904405	뇌 - 상 (반양장)	베르나르 베르베르	열린책들	372	https://image.aladin.co.kr/product/1251/4/cover500/scm986301578256.jpg
b069	9788901178202	다중지능	하워드 가드너	웅진지식하우스	368	https://image.aladin.co.kr/product/3104/22/cover500/e890107027_1.jpg
b070	9788934924203	고양이 전사들 3	에린 헌터	김영사	422	https://image.aladin.co.kr/product/88/3/cover500/8934924209_2.jpg
b071	9788904107384	몰입	미하이 칙센트미하이	한울림	344	https://image.aladin.co.kr/product/50/36/cover500/s102534693_1.jpg
b072	9788901100982	경제성장의 미래	벤저민 프리드먼	현대경제연구원BOOKS	812	https://image.aladin.co.kr/product/481/15/cover500/8901100983_1.jpg
b073	9791160501858	무작정 따라하기 하와이	박재서	길벗	408	https://image.aladin.co.kr/product/10961/20/cover500/ek69253005_1.jpg
b074	9788947536400	오리지널스	애덤 그랜트	한국경제신문	380	https://image.aladin.co.kr/product/7536/65/cover500/8947540676_1.jpg
b075	9788956056425	손혁의 투수 교과서	손혁	북하우스엔	297	https://image.aladin.co.kr/product/2588/11/cover500/8956056420_2.jpg
b076	9788937461095	제인 에어 1	샬럿 브론테	민음사	447	https://image.aladin.co.kr/product/52/40/cover500/8937461099_3.jpg
b077	9788937462955	제브데트 씨와 아들들 1	오르한 파묵	민음사	532	https://image.aladin.co.kr/product/1975/93/cover500/8937462958_2.jpg
b078	9788937460593	아들과 연인 1	데이비드 허버트 로렌스	민음사	484	https://image.aladin.co.kr/product/32/87/cover500/8937460599_3.jpg
b079	9788937460616	설국	가와바타 야스나리	민음사	176	https://image.aladin.co.kr/product/32/87/cover500/s092934786_1.jpg
b081	9788937461941	필립과 다른 사람들	세스 노터봄	민음사	219	https://image.aladin.co.kr/product/294/34/cover500/8937461943_2.jpg
b082	9788937462382	뜨거운 양철 지붕 위의 고양이.유리 동물원	테네시 윌리암스	민음사	356	https://image.aladin.co.kr/product/631/37/cover500/8937462389_2.jpg
b083	9788937461675	풀잎은 노래한다	도리스 레싱	민음사	369	https://image.aladin.co.kr/product/169/78/cover500/8937461676_2.jpg
b084	9788937461514	신곡 - 연옥편	단테 알리기에리	민음사	348	https://image.aladin.co.kr/product/96/57/cover500/893746151x_3.jpg
b087	9788937462627	베니스의 상인	윌리엄 셰익스피어	민음사	162	https://image.aladin.co.kr/product/857/94/cover500/8937462621_2.jpg
b088	9788937462580	왕자와 거지	마크 트웨인	민음사	444	https://image.aladin.co.kr/product/806/44/cover500/8937462583_2.jpg
b089	9788937460531	오셀로	윌리엄 셰익스피어	민음사	212	https://image.aladin.co.kr/product/29/51/cover500/s982934786_1.jpg
b090	9788937461859	나자	앙드레 브르통	민음사	178	https://image.aladin.co.kr/product/250/71/cover500/8937461854_2.jpg
b091	9788937460494	파르마의 수도원 2	스탕달	민음사	460	https://image.aladin.co.kr/product/28/96/cover500/8937460491_3.jpg
b092	9788937462191	안나 카레니나 1	레프 니콜라예비치 톨스토이	민음사	520	https://image.aladin.co.kr/product/461/57/cover500/s062635100_1.jpg
b093	9788937460753	위대한 개츠비	프랜시스 스콧 피츠제럴드	민음사	308	https://image.aladin.co.kr/product/41/79/cover500/s582934787_1.jpg
b094	9788937462474	누가 버지니아 울프를 두려워하랴	에드워드 올비	민음사	208	https://image.aladin.co.kr/product/638/34/cover500/8937462478_2.jpg
b096	9788934940807	잭키 마론과 푸른 눈 다이아몬드	책 먹는 여우	주니어김영사	124	https://image.aladin.co.kr/product/31973/40/cover500/8934940808_1.jpg
b097	9788934939337	사과가 가르쳐 준 것	기무라 아키노리	김영사	216	https://image.aladin.co.kr/product/683/84/cover500/8934939338_1.jpg
b098	9788937462634	말리나	잉에보르크 바흐만	민음사	458	https://image.aladin.co.kr/product/857/94/cover500/893746263x_2.jpg
b099	9788961862028	미래를 읽는 기술	제이슨 솅커	지식공간	264	https://image.aladin.co.kr/product/13483/78/cover500/k052532405_1.jpg
b101	9788937460012	변신 이야기 1	오비디우스	민음사	432	https://image.aladin.co.kr/product/6/4/cover500/s842932239_1.jpg
b102	9788937460029	변신 이야기 2	오비디우스	민음사	400	https://image.aladin.co.kr/product/6/4/cover500/8937460025_3.jpg
b103	9788937460036	햄릿	윌리엄 셰익스피어	민음사	248	https://image.aladin.co.kr/product/16/80/cover500/s962932230_1.jpg
b104	9788937460043	변신, 시골의사	프란츠 카프카	민음사	288	https://image.aladin.co.kr/product/6/4/cover500/s972932230_1.jpg
b105	9788937460050	동물농장	조지 오웰	민음사	184	https://image.aladin.co.kr/product/4/6/cover500/s93746005x_3.jpg
b106	9788937460067	허클베리 핀의 모험	마크 트웨인	민음사	672	https://image.aladin.co.kr/product/16/90/cover500/s982932230_1.jpg
b107	9788937460074	암흑의 핵심	조지프 콘래드	민음사	212	https://image.aladin.co.kr/product/9/69/cover500/s292137206_1.jpg
b108	9788937460098	문학이란 무엇인가	장폴 사르트르	민음사	456	https://image.aladin.co.kr/product/20/33/cover500/8937460092_3.jpg
b109	9788937460111	인간의 굴레에서 1	윌리엄 서머싯 몸	민음사	588	https://image.aladin.co.kr/product/11/87/cover500/8937460114_3.jpg
b110	9788937460128	인간의 굴레에서 2	윌리엄 서머싯 몸	민음사	596	https://image.aladin.co.kr/product/11/87/cover500/8937460122_3.jpg
b111	9788937460135	이반 데니소비치, 수용소의 하루	알렉산드르 솔제니친	민음사	260	https://image.aladin.co.kr/product/11/67/cover500/s282933532_1.jpg
b112	9788937460142	너새니얼 호손 단편선	너새니얼 호손	민음사	384	https://image.aladin.co.kr/product/2/81/cover500/s292933532_1.jpg
b113	9788937460159	나의 미카엘	아모스 오즈	민음사	356	https://image.aladin.co.kr/product/20/33/cover500/8937460157_3.jpg
b114	9788937460166	중국신화전설 1	위앤커	민음사	556	https://image.aladin.co.kr/product/19/19/cover500/8937460165_3.jpg
b115	9788937460173	중국신화전설 2	위앤커	민음사	400	https://image.aladin.co.kr/product/13/55/cover500/8937460173_3.jpg
b116	9788937460197	파리대왕	윌리엄 골딩	민음사	328	https://image.aladin.co.kr/product/34/40/cover500/893746019x_2.jpg
b117	9788937460210	파우스트 1	요한 볼프강 폰 괴테	민음사	312	https://image.aladin.co.kr/product/18/75/cover500/s982933633_1.jpg
b118	9788937460227	파우스트 2	요한 볼프강 폰 괴테	민음사	504	https://image.aladin.co.kr/product/18/75/cover500/s972933633_1.jpg
b119	9788937460234	빌헬름 마이스터의 수업시대 1	요한 볼프강 폰 괴테	민음사	560	https://image.aladin.co.kr/product/18/72/cover500/8937460238_3.jpg
b120	9788937460241	빌헬름 마이스터의 수업시대 2	요한 볼프강 폰 괴테	민음사	456	https://image.aladin.co.kr/product/18/72/cover500/8937460246_3.jpg
b121	9788937460258	젊은 베르테르의 슬픔	요한 볼프강 폰 괴테	민음사	276	https://image.aladin.co.kr/product/18/74/cover500/s302933632_1.jpg
b122	9788937460265	이피게니에, 스텔라	요한 볼프강 폰 괴테	민음사	276	https://image.aladin.co.kr/product/18/73/cover500/8937460262_3.jpg
b123	9788937460272	다섯째 아이	도리스 레싱	민음사	224	https://image.aladin.co.kr/product/19/82/cover500/s632933848_1.jpg
b124	9788937460296	농담	밀란 쿤데라	민음사	540	https://image.aladin.co.kr/product/19/82/cover500/s672933848_1.jpg
b125	9788937426926	야성의 부름	잭 런던	민음사	276	https://image.aladin.co.kr/product/816/17/cover500/8937426927_3.jpg
b126	9788937460319	아메리칸	헨리 제임스	민음사	534	https://image.aladin.co.kr/product/19/82/cover500/s642933848_1.jpg
b127	9788937460326	양철북 1	귄터 그라스	민음사	540	https://image.aladin.co.kr/product/20/74/cover500/s432933848_1.jpg
b128	9788937460333	양철북 2	귄터 그라스	민음사	564	https://image.aladin.co.kr/product/20/74/cover500/s622933848_1.jpg
b129	9788937460340	백년의 고독 1	가브리엘 가르시아 마르케스	민음사	324	https://image.aladin.co.kr/product/21/76/cover500/s172933848_1.jpg
b130	9788937460357	백년의 고독 2	가브리엘 가르시아 마르케스	민음사	331	https://image.aladin.co.kr/product/21/76/cover500/8937460351_3.jpg
b131	9788937460364	마담 보바리	귀스타브 플로베르	민음사	628	https://image.aladin.co.kr/product/22/31/cover500/s132933054_1.jpg
b132	9788937460371	거미여인의 키스	마누엘 푸익	민음사	440	https://image.aladin.co.kr/product/23/69/cover500/s142933054_1.jpg
b133	9788937460395	폴란드의 풍차	장 지오노	민음사	244	https://image.aladin.co.kr/product/25/6/cover500/8937460394_3.jpg
b134	9788937460401	독일어 시간 1	지크프리트 렌츠	민음사	352	https://image.aladin.co.kr/product/25/7/cover500/8937460408_3.jpg
b135	9788937460418	독일어 시간 2	지크프리트 렌츠	민음사	328	https://image.aladin.co.kr/product/25/7/cover500/8937460416_2.jpg
b136	9788937425370	말테의 수기	라이너 마리아 릴케	민음사	316	https://image.aladin.co.kr/product/54/0/cover500/8937425378_3.jpg
b137	9788937460432	고도를 기다리며	사뮈엘 베케트	민음사	180	https://image.aladin.co.kr/product/25/65/cover500/s242933053_1.jpg
b138	9788937460463	카탈로니아 찬가	조지 오웰	민음사	352	https://image.aladin.co.kr/product/27/80/cover500/s162933259_1.jpg
b139	9788937460470	호밀밭의 파수꾼	제롬 데이비드 샐린저	민음사	320	https://image.aladin.co.kr/product/30882/22/cover500/8937460475_2.jpg
b140	9788937460487	파르마의 수도원 1	스탕달	민음사	448	https://image.aladin.co.kr/product/28/96/cover500/8937460483_3.jpg
b141	9788937460500	수레바퀴 아래서	헤르만 헤세	민음사	292	https://image.aladin.co.kr/product/29/21/cover500/s172933259_1.jpg
b142	9788937479793	내 이름은 빨강 1	오르한 파묵	민음사	404	https://image.aladin.co.kr/product/21424/16/cover500/8937479796_3.jpg
b143	9788937479809	내 이름은 빨강 2	오르한 파묵	민음사	408	https://image.aladin.co.kr/product/21424/51/cover500/893747980x_2.jpg
b144	9788937460555	모래의 여자	아베 코보	민음사	248	https://image.aladin.co.kr/product/30/42/cover500/s932934786_1.jpg
b145	9788937460562	부덴브로크 가의 사람들 1	토마스 만	민음사	522	https://image.aladin.co.kr/product/30/56/cover500/8937460564_3.jpg
b146	9788937460579	부덴브로크 가의 사람들 2	토마스 만	민음사	580	https://image.aladin.co.kr/product/30/56/cover500/8937460572_3.jpg
b147	9788937460586	싯다르타	헤르만 헤세	민음사	252	https://image.aladin.co.kr/product/32/95/cover500/s062934786_1.jpg
b148	9788937460609	아들과 연인 2	데이비드 허버트 로렌스	민음사	424	https://image.aladin.co.kr/product/32/87/cover500/8937460602_3.jpg
b149	9788937460623	벨킨 이야기, 스페이드 여왕	알렉산드르 세르게비치 푸시킨	민음사	204	https://image.aladin.co.kr/product/34/59/cover500/8937460629_3.jpg
b150	9788937460630	넙치 1	귄터 그라스	민음사	548	https://image.aladin.co.kr/product/35/6/cover500/8937460637_3.jpg
b151	9788937460647	넙치 2	귄터 그라스	민음사	516	https://image.aladin.co.kr/product/35/6/cover500/8937460645_3.jpg
b152	9788937460654	소망 없는 불행	페터 한트케	민음사	204	https://image.aladin.co.kr/product/36/27/cover500/s372934787_1.jpg
b153	9788937460661	나르치스와 골드문트	헤르만 헤세	민음사	500	https://image.aladin.co.kr/product/37/1/cover500/s382934787_1.jpg
b154	9788937460678	황야의 이리	헤르만 헤세	민음사	340	https://image.aladin.co.kr/product/37/1/cover500/s392934787_1.jpg
b155	9788937460685	페테르부르크 이야기	니콜라이 바실리예비치 고골	민음사	372	https://image.aladin.co.kr/product/37/56/cover500/s302934787_1.jpg
b156	9788937460692	밤으로의 긴 여로	유진 오닐	민음사	244	https://image.aladin.co.kr/product/38/53/cover500/s422934787_1.jpg
b157	9788937460708	체호프 단편선	안톤 파블로비치 체호프	민음사	220	https://image.aladin.co.kr/product/38/90/cover500/s552934787_1.jpg
b158	9788937460715	버스 정류장	가오싱젠	민음사	268	https://image.aladin.co.kr/product/39/20/cover500/8937460718_3.jpg
b159	9788937460722	구운몽	김만중	민음사	284	https://image.aladin.co.kr/product/39/80/cover500/s562934787_1.jpg
b160	9788937460739	대머리 여가수	외젠 이오네스코	민음사	220	https://image.aladin.co.kr/product/40/68/cover500/8937460734_3.jpg
b161	9788937460746	이솝 우화집	이솝	민음사	256	https://image.aladin.co.kr/product/41/4/cover500/s572934787_1.jpg
b162	9788937460760	푸른 꽃	노발리스	민음사	296	https://image.aladin.co.kr/product/41/48/cover500/8937460769_3.jpg
b163	9788937460784	영혼의 집 1	이사벨 아옌데	민음사	436	https://image.aladin.co.kr/product/42/21/cover500/s937460785_1.jpg
b164	9788937460791	영혼의 집 2	이사벨 아옌데	민음사	340	https://image.aladin.co.kr/product/42/21/cover500/s937460793_1.jpg
b165	9788937460807	첫사랑	이반 세르게예비치 투르게네프	민음사	476	https://image.aladin.co.kr/product/42/34/cover500/s937460807_1.jpg
b166	9788937460814	내가 죽어 누워 있을 때	윌리엄 포크너	민음사	316	https://image.aladin.co.kr/product/42/35/cover500/s937460815_1.jpg
b167	9788937460838	팡세	파스칼	민음사	628	https://image.aladin.co.kr/product/42/96/cover500/s937460831_1.jpg
b168	9788937460845	질투	로브그리예	민음사	184	https://image.aladin.co.kr/product/43/18/cover500/893746084x_3.jpg
b169	9788937460852	채털리 부인의 연인 1	데이비드 허버트 로렌스	민음사	372	https://image.aladin.co.kr/product/43/28/cover500/8937460858_3.jpg
b170	9788937460869	채털리 부인의 연인 2	데이비드 허버트 로렌스	민음사	360	https://image.aladin.co.kr/product/43/28/cover500/8937460866_3.jpg
b171	9788937460876	그 후	나쓰메 소세키	민음사	384	https://image.aladin.co.kr/product/43/52/cover500/s937460874_1.jpg
b172	9788937460883	오만과 편견	제인 오스틴	민음사	560	https://image.aladin.co.kr/product/43/68/cover500/s937460882_1.jpg
b173	9788937443664	부활 1	레프 니콜라예비치 톨스토이	민음사	484	https://image.aladin.co.kr/product/22587/29/cover500/893744366x_2.jpg
b174	9788937443671	부활 2	레프 니콜라예비치 톨스토이	민음사	512	https://image.aladin.co.kr/product/22587/50/cover500/8937443678_2.jpg
b175	9788937460913	방드르디, 태평양의 끝	미셸 투르니에	민음사	388	https://image.aladin.co.kr/product/44/41/cover500/s262934786_1.jpg
b176	9788937460920	미겔 스트리트	V. S. 나이폴	민음사	328	https://image.aladin.co.kr/product/44/79/cover500/s232934786_1.jpg
b177	9788937460937	페드로 파라모	후안 페레스 룰포	민음사	220	https://image.aladin.co.kr/product/45/15/cover500/s242934786_1.jpg
b178	9788937460944	차라투스트라는 이렇게 말했다	프리드리히 니체	민음사	620	https://image.aladin.co.kr/product/45/40/cover500/s352934786_1.jpg
b179	9788937460951	적과 흑 1	스탕달	민음사	448	https://image.aladin.co.kr/product/45/53/cover500/s382934786_1.jpg
b180	9788937460968	적과 흑 2	스탕달	민음사	472	https://image.aladin.co.kr/product/45/53/cover500/s392934786_1.jpg
b181	9788937460975	콜레라 시대의 사랑 1	가브리엘 가르시아 마르케스	민음사	292	https://image.aladin.co.kr/product/46/10/cover500/s342934786_1.jpg
b182	9788937460982	콜레라 시대의 사랑 2	가브리엘 가르시아 마르케스	민음사	360	https://image.aladin.co.kr/product/46/10/cover500/s422934786_1.jpg
b183	9788937460999	맥베스	윌리엄 셰익스피어	민음사	160	https://image.aladin.co.kr/product/47/66/cover500/s442934786_1.jpg
b184	9788937461019	페르디두르케	비톨트 곰브로비치	민음사	464	https://image.aladin.co.kr/product/49/15/cover500/8937461013_2.jpg
b185	9788937461026	포르노그라피아	비톨트 곰브로비치	민음사	310	https://image.aladin.co.kr/product/49/16/cover500/8937461021_3.jpg
b186	9788937461033	인간 실격	다자이 오사무	민음사	191	https://image.aladin.co.kr/product/49/16/cover500/893746103x_3.jpg
b187	9788937461040	네루다의 우편배달부	안토니오 스카르메타	민음사	186	https://image.aladin.co.kr/product/50/36/cover500/8937461048_3.jpg
b188	9788937461057	이탈리아 기행 1	요한 볼프강 폰 괴테	민음사	449	https://image.aladin.co.kr/product/50/94/cover500/8937461056_2.jpg
b189	9788937461064	이탈리아 기행 2	요한 볼프강 폰 괴테	민음사	449	https://image.aladin.co.kr/product/50/94/cover500/8937461064_2.jpg
b190	9788937461071	나무 위의 남작	이탈로 칼비노	민음사	394	https://image.aladin.co.kr/product/51/4/cover500/8937461072_2.jpg
b191	9788937461088	달콤 쌉싸름한 초콜릿	라우라 에스키벨	민음사	268	https://image.aladin.co.kr/product/52/14/cover500/s937461080_1.jpg
b192	9788937461101	제인 에어 2	샬럿 브론테	민음사	437	https://image.aladin.co.kr/product/52/40/cover500/8937461102_2.jpg
b193	9788937461118	크눌프	헤르만 헤세	민음사	148	https://image.aladin.co.kr/product/52/80/cover500/8937461110_2.jpg
b194	9788937461125	시계태엽 오렌지	앤서니 버지스	민음사	232	https://image.aladin.co.kr/product/53/66/cover500/8937461129_3.jpg
b195	9788937461132	파리의 노트르담 1	빅토르 위고	민음사	436	https://image.aladin.co.kr/product/54/44/cover500/8937461137_3.jpg
b196	9788937461149	파리의 노트르담 2	빅토르 위고	민음사	508	https://image.aladin.co.kr/product/54/44/cover500/8937461145_3.jpg
b197	9788937461163	로드 짐 1	조지프 콘래드	민음사	332	https://image.aladin.co.kr/product/54/80/cover500/8937461161_2.jpg
b198	9788937461170	로드 짐 2	조지프 콘래드	민음사	328	https://image.aladin.co.kr/product/54/80/cover500/893746117x_2.jpg
b199	9788937461187	폭풍의 언덕	에밀리 브론테	민음사	572	https://image.aladin.co.kr/product/54/93/cover500/8937461188_3.jpg
b200	9788937461194	텔크테에서의 만남	귄터 그라스	민음사	276	https://image.aladin.co.kr/product/55/18/cover500/8937461196_2.jpg
b201	9788937461200	검찰관	니콜라이 바실리예비치 고골	민음사	231	https://image.aladin.co.kr/product/56/46/cover500/893746120x_2.jpg
b202	9788937461217	안개	미겔 데 우나무노	민음사	340	https://image.aladin.co.kr/product/57/1/cover500/8937461218_2.jpg
b203	9788937461224	나사의 회전	헨리 제임스	민음사	209	https://image.aladin.co.kr/product/57/46/cover500/8937461226_2.jpg
b204	9788937461231	피츠제럴드 단편선 1	프랜시스 스콧 피츠제럴드	민음사	408	https://image.aladin.co.kr/product/57/83/cover500/8937461234_3.jpg
b205	9788937461248	목화밭의 고독 속에서	베르나르마리 콜테스	민음사	180	https://image.aladin.co.kr/product/58/60/cover500/8937461242_3.jpg
b206	9788937461262	라셀라스	새뮤얼 존슨	민음사	283	https://image.aladin.co.kr/product/59/14/cover500/8937461269_3.jpg
b207	9788937461279	리어 왕	윌리엄 셰익스피어	민음사	228	https://image.aladin.co.kr/product/60/14/cover500/8937461277_2.jpg
b208	9788937461293	쿠오 바디스 2	헨릭 시엔키에비츠	민음사	541	https://image.aladin.co.kr/product/60/93/cover500/8937461293_2.jpg
b209	9788937461309	자기만의 방·3기니	버지니아 울프	민음사	502	https://image.aladin.co.kr/product/61/66/cover500/8937461307_3.jpg
b210	9788937461316	시르트의 바닷가	줄리앙 그라크	민음사	479	https://image.aladin.co.kr/product/62/36/cover500/8937461315_2.jpg
b211	9788937461323	이성과 감성	제인 오스틴	민음사	519	https://image.aladin.co.kr/product/63/73/cover500/8937461323_2.jpg
b212	9788937461330	바덴바덴에서의 여름	레오니드 치프킨	민음사	275	https://image.aladin.co.kr/product/64/49/cover500/8937461331_2.jpg
b213	9788937461354	무지개 1	데이비드 허버트 로렌스	민음사	474	https://image.aladin.co.kr/product/87/6/cover500/8937461358_3.jpg
b214	9788937461361	무지개 2	데이비드 허버트 로렌스	민음사	474	https://image.aladin.co.kr/product/87/6/cover500/8937461366_2.jpg
b215	9788937461378	인생의 베일	서머싯 몸	민음사	342	https://image.aladin.co.kr/product/88/15/cover500/8937461374_3.jpg
b216	9788937461385	보이지 않는 도시들	이탈로 칼비노	민음사	222	https://image.aladin.co.kr/product/89/14/cover500/8937461382_2.jpg
b217	9788937461392	연초 도매상 1	존 바스	민음사	531	https://image.aladin.co.kr/product/89/99/cover500/s722931166_1.jpg
b218	9788937461408	연초 도매상 2	존 바스	민음사	520	https://image.aladin.co.kr/product/89/99/cover500/8937461404_2.jpg
b219	9788937461415	연초 도매상 3	존 바스	민음사	625	https://image.aladin.co.kr/product/89/99/cover500/8937461412_2.jpg
b220	9788937461422	플로스 강의 물방앗간 1	조지 엘리엇	민음사	448	https://image.aladin.co.kr/product/90/35/cover500/s937461420_2.jpg
b221	9788937461439	플로스 강의 물방앗간 2	조지 엘리엇	민음사	445	https://image.aladin.co.kr/product/90/35/cover500/s442033930_2.jpg
b222	9788937461446	연인	마르그리트 뒤라스	민음사	153	https://image.aladin.co.kr/product/91/88/cover500/8937461447_2.jpg
b223	9788937461453	이름 없는 주드 1	토머스 하디	민음사	346	https://image.aladin.co.kr/product/91/85/cover500/8937461455_2.jpg
b224	9788937461460	이름 없는 주드 2	토머스 하디	민음사	408	https://image.aladin.co.kr/product/91/85/cover500/8937461463_2.jpg
b225	9788937461477	제49호 품목의 경매	토머스 핀천	민음사	266	https://image.aladin.co.kr/product/93/48/cover500/s492137302_1.jpg
b226	9788937461484	성역	윌리엄 포크너	민음사	440	https://image.aladin.co.kr/product/96/29/cover500/893746148x_2.jpg
b227	9788937461491	무진기행	김승옥	민음사	405	https://image.aladin.co.kr/product/96/57/cover500/8937461498_2.jpg
b228	9788937461507	신곡 - 지옥편	단테 알리기에리	민음사	399	https://image.aladin.co.kr/product/96/57/cover500/s937461501_3.jpg
b229	9788937461521	신곡 - 천국편	단테 알리기에리	민음사	373	https://image.aladin.co.kr/product/96/57/cover500/8937461528_3.jpg
b230	9788937461538	구덩이	안드레이 플라토노프	민음사	249	https://image.aladin.co.kr/product/96/73/cover500/8937461536_2.jpg
b231	9788937461552	카라마조프가의 형제들 2	표도르 도스토옙스키	민음사	479	https://image.aladin.co.kr/product/98/80/cover500/8937461552_3.jpg
b232	9788937461576	지상의 양식	앙드레 지드	민음사	343	https://image.aladin.co.kr/product/99/63/cover500/8937461579_2.jpg
b233	9788937461583	밤의 군대들	노먼 메일러	민음사	447	https://image.aladin.co.kr/product/99/39/cover500/8937461587_2.jpg
b234	9788937461590	주홍 글자	너새니얼 호손	민음사	432	https://image.aladin.co.kr/product/99/95/cover500/8937461595_2.jpg
b235	9788937461606	깊은 강	엔도 슈사쿠	민음사	352	https://image.aladin.co.kr/product/100/33/cover500/8937461609_2.jpg
b236	9788937461613	욕망이라는 이름의 전차	테네시 윌리암스	민음사	182	https://image.aladin.co.kr/product/101/32/cover500/8937461617_2.jpg
b237	9788937461620	마사 퀘스트	도리스 레싱	민음사	480	https://image.aladin.co.kr/product/102/32/cover500/8937461625_2.jpg
b238	9788937461637	운명의 딸 1	이사벨 아옌데	민음사	304	https://image.aladin.co.kr/product/103/14/cover500/8937461633_2.jpg
b239	9788937461651	모렐의 발명	아돌포 비오이 카사레스	민음사	187	https://image.aladin.co.kr/product/169/87/cover500/893746165x_2.jpg
b240	9788937461682	파리의 우울	보들레르	민음사	328	https://image.aladin.co.kr/product/170/42/cover500/8937461684_2.jpg
b241	9788937461699	포스트맨은 벨을 두 번 울린다	제임스 M. 케인	민음사	181	https://image.aladin.co.kr/product/170/76/cover500/8937461692_2.jpg
b242	9788937433832	썩은 잎	가브리엘 가르시아 마르케스	민음사	200	https://image.aladin.co.kr/product/10009/90/cover500/8937433834_1.jpg
b243	9788937461712	모든 것이 산산이 부서지다	치누아 아체베	민음사	280	https://image.aladin.co.kr/product/182/91/cover500/8937461714_2.jpg
b244	9788937461729	한여름 밤의 꿈	윌리엄 셰익스피어	민음사	139	https://image.aladin.co.kr/product/191/28/cover500/8937461722_2.jpg
b245	9788937461736	로미오와 줄리엣	윌리엄 셰익스피어	민음사	200	https://image.aladin.co.kr/product/193/34/cover500/8937461730_2.jpg
b246	9788937461743	분노의 포도 1	존 스타인벡	민음사	496	https://image.aladin.co.kr/product/198/29/cover500/s937461749_1.jpg
b247	9788937461750	분노의 포도 2	존 스타인벡	민음사	508	https://image.aladin.co.kr/product/198/30/cover500/8937461757_3.jpg
b248	9788937461774	괴테와의 대화 2	요한 페터 에커만	민음사	401	https://image.aladin.co.kr/product/214/60/cover500/8937461773_2.jpg
b249	9788937461798	브람스를 좋아하세요...	프랑수아즈 사강	민음사	160	https://image.aladin.co.kr/product/215/66/cover500/s252137206_1.jpg
b250	9788937461804	카타리나 블룸의 잃어버린 명예	하인리히 뵐	민음사	170	https://image.aladin.co.kr/product/222/44/cover500/8937461803_2.jpg
b251	9788937461811	에덴의 동쪽 1	존 스타인벡	민음사	505	https://image.aladin.co.kr/product/235/55/cover500/8937461811_2.jpg
b252	9788937461828	에덴의 동쪽 2	존 스타인벡	민음사	660	https://image.aladin.co.kr/product/235/56/cover500/893746182x_2.jpg
b253	9788937461835	순수의 시대	이디스 워튼	민음사	457	https://image.aladin.co.kr/product/239/45/cover500/8937461838_2.jpg
b254	9788937461842	도둑 일기	장 주네	민음사	428	https://image.aladin.co.kr/product/251/6/cover500/8937461846_2.jpg
b255	9788937461866	캐치-22 1	조지프 헬러	민음사	484	https://image.aladin.co.kr/product/28374/23/cover500/k992835501_1.jpg
b256	9788937461873	캐치-22 2	조지프 헬러	민음사	536	https://image.aladin.co.kr/product/28374/25/cover500/k392835501_1.jpg
b257	9788937461880	숄로호프 단편선	미하일 숄로호프	민음사	292	https://image.aladin.co.kr/product/254/92/cover500/8937461889_2.jpg
b258	9788937461897	말	장폴 사르트르	민음사	308	https://image.aladin.co.kr/product/275/82/cover500/8937461897_3.jpg
b259	9788937461903	보이지 않는 인간 1	랠프 엘리슨	민음사	440	https://image.aladin.co.kr/product/280/17/cover500/8937461900_2.jpg
b260	9788937461910	보이지 않는 인간 2	랠프 엘리슨	민음사	389	https://image.aladin.co.kr/product/280/17/cover500/8937461919_2.jpg
b261	9788937461927	왑샷 가문 연대기	존 치버	민음사	489	https://image.aladin.co.kr/product/292/38/cover500/8937461927_2.jpg
b262	9788937461934	왑샷 가문 몰락기	존 치버	민음사	422	https://image.aladin.co.kr/product/292/38/cover500/8937461935_2.jpg
b263	9788937461958	하드리아누스 황제의 회상록 1	마르그리트 유르스나르	민음사	260	https://image.aladin.co.kr/product/301/20/cover500/8937461951_2.jpg
b264	9788937461965	하드리아누스 황제의 회상록 2	마르그리트 유르스나르	민음사	350	https://image.aladin.co.kr/product/301/21/cover500/893746196x_2.jpg
b265	9788937461972	소피의 선택 1	윌리엄 스타이런	민음사	449	https://image.aladin.co.kr/product/304/58/cover500/8937461978_2.jpg
b266	9788937461989	소피의 선택 2	윌리엄 스타이런	민음사	491	https://image.aladin.co.kr/product/304/58/cover500/8937461986_2.jpg
b267	9788937461996	피츠제럴드 단편선 2	프랜시스 스콧 피츠제럴드	민음사	274	https://image.aladin.co.kr/product/307/97/cover500/8937461994_2.jpg
b268	9788937462016	요술 부지깽이	로버트 쿠버	민음사	382	https://image.aladin.co.kr/product/343/27/cover500/893746201x_2.jpg
b269	9788937462023	북호텔	외젠 다비	민음사	232	https://image.aladin.co.kr/product/343/27/cover500/8937462028_2.jpg
b270	9788937462030	톰 소여의 모험	마크 트웨인	민음사	460	https://image.aladin.co.kr/product/350/17/cover500/8937462036_2.jpg
b271	9788937462047	금오신화	김시습	민음사	173	https://image.aladin.co.kr/product/364/56/cover500/8937462044_2.jpg
b272	9788937462054	테스 1	토머스 하디	민음사	412	https://image.aladin.co.kr/product/364/56/cover500/8937462052_2.jpg
b273	9788937462061	테스 2	토머스 하디	민음사	348	https://image.aladin.co.kr/product/364/56/cover500/8937462060_2.jpg
b274	9788937462078	브루스터플레이스의 여자들	글로리아 네일러	민음사	357	https://image.aladin.co.kr/product/368/88/cover500/8937462079_2.jpg
b275	9788937462085	더 이상 평안은 없다	치누아 아체베	민음사	268	https://image.aladin.co.kr/product/375/18/cover500/8937462087_2.jpg
b276	9788937462092	그레인지 코플랜드의 세 번째 인생	앨리스 워커	민음사	434	https://image.aladin.co.kr/product/388/42/cover500/8937462095_2.jpg
b277	9788937462108	어느 시골 신부의 일기	조르주 베르나노스	민음사	436	https://image.aladin.co.kr/product/409/6/cover500/8937462109_1.jpg
b278	9788937462115	타라스 불바	니콜라이 바실리예비치 고골	민음사	253	https://image.aladin.co.kr/product/415/67/cover500/8937462117_2.jpg
b279	9788937462139	위대한 유산 2	찰스 디킨스	민음사	447	https://image.aladin.co.kr/product/421/38/cover500/8937462133_2.jpg
b280	9788937462146	면도날	서머싯 몸	민음사	529	https://image.aladin.co.kr/product/421/38/cover500/8937462141_2.jpg
b281	9788937462153	성채 1	A. J. 크로닌	민음사	317	https://image.aladin.co.kr/product/431/88/cover500/893746215x_2.jpg
b282	9788937462160	성채 2	A. J. 크로닌	민음사	309	https://image.aladin.co.kr/product/431/89/cover500/8937462168_2.jpg
b283	9788937462177	오이디푸스 왕	소포클레스	민음사	387	https://image.aladin.co.kr/product/447/88/cover500/8937462176_2.jpg
b284	9788937462184	세일즈맨의 죽음	아서 밀러	민음사	188	https://image.aladin.co.kr/product/456/72/cover500/8937462184_2.jpg
b285	9788937462207	안나 카레니나 2	레프 니콜라예비치 톨스토이	민음사	668	https://image.aladin.co.kr/product/461/57/cover500/s072635100_1.jpg
b286	9788937462214	안나 카레니나 3	레프 니콜라예비치 톨스토이	민음사	668	https://image.aladin.co.kr/product/461/58/cover500/s092635100_1.jpg
b287	9788937462221	오스카 와일드 작품선	오스카 와일드	민음사	333	https://image.aladin.co.kr/product/465/10/cover500/8937462222_2.jpg
b288	9788937462238	벨아미	기 드 모파상	민음사	518	https://image.aladin.co.kr/product/469/8/cover500/8937462230_3.jpg
b289	9788937462245	파스쿠알 두아르테 가족	카밀로 호세 셀라	민음사	210	https://image.aladin.co.kr/product/476/95/cover500/8937462249_2.jpg
b290	9788937462252	시칠리아에서의 대화	엘리오 비토리니	민음사	267	https://image.aladin.co.kr/product/476/96/cover500/8937462257_2.jpg
b291	9788937462269	길 위에서 1	잭 케루악	민음사	293	https://image.aladin.co.kr/product/491/15/cover500/8937462265_2.jpg
b292	9788937462276	길 위에서 2	잭 케루악	민음사	351	https://image.aladin.co.kr/product/491/15/cover500/8937462273_2.jpg
b293	9788937462283	우리 시대의 영웅	미하일 레르몬토프	민음사	257	https://image.aladin.co.kr/product/489/28/cover500/8937462281_2.jpg
b294	9788937462290	아우라	카를로스 푸엔테스	민음사	106	https://image.aladin.co.kr/product/584/13/cover500/893746229x_2.jpg
b295	9788937462306	클링조어의 마지막 여름	헤르만 헤세	민음사	128	https://image.aladin.co.kr/product/587/20/cover500/8937462303_2.jpg
b296	9788937462313	리스본의 겨울	안토니오 무뇨쓰 몰리나	민음사	286	https://image.aladin.co.kr/product/591/22/cover500/8937462311_2.jpg
b297	9788937462320	뻐꾸기 둥지 위로 날아간 새	켄 키지	민음사	525	https://image.aladin.co.kr/product/598/26/cover500/893746232x_2.jpg
b298	9788937462337	페널티킥 앞에 선 골키퍼의 불안	페터 한트케	민음사	138	https://image.aladin.co.kr/product/600/7/cover500/8937462338_3.jpg
b299	9788937462344	참을 수 없는 존재의 가벼움	밀란 쿤데라	민음사	496	https://image.aladin.co.kr/product/610/30/cover500/s772137205_1.jpg
b300	9788937462351	바다여, 바다여 1	아이리스 머독	민음사	400	https://image.aladin.co.kr/product/625/93/cover500/8937462354_2.jpg
b301	9788937462368	바다여, 바다여 2	아이리스 머독	민음사	400	https://image.aladin.co.kr/product/625/93/cover500/8937462362_2.jpg
b302	9788937462399	지하로부터의 수기	표도르 도스토옙스키	민음사	232	https://image.aladin.co.kr/product/655/25/cover500/8937462397_3.jpg
b303	9788937462405	키메라	존 바스	민음사	488	https://image.aladin.co.kr/product/638/33/cover500/8937462400_3.jpg
b304	9788937462412	반쪼가리 자작	이탈로 칼비노	민음사	148	https://image.aladin.co.kr/product/655/39/cover500/8937462419_2.jpg
b305	9788937462429	벌집	카밀로 호세 셀라	민음사	392	https://image.aladin.co.kr/product/638/34/cover500/8937462427_2.jpg
b306	9788937462436	불멸	밀란 쿤데라	민음사	532	https://image.aladin.co.kr/product/638/34/cover500/8937462435_3.jpg
b307	9788937462443	파우스트 박사 1	토마스 만	민음사	496	https://image.aladin.co.kr/product/686/86/cover500/8937462443_2.jpg
b308	9788937462450	파우스트 박사 2	토마스 만	민음사	544	https://image.aladin.co.kr/product/686/86/cover500/8937462451_2.jpg
b309	9788937462467	사랑할 때와 죽을 때	에리히 마리아 레마르크	민음사	560	https://image.aladin.co.kr/product/638/34/cover500/893746246x_3.jpg
b310	9788937462481	인형의 집	헨리크 입센	민음사	148	https://image.aladin.co.kr/product/733/38/cover500/8937462486_2.jpg
b311	9788937462498	위폐범들	앙드레 지드	민음사	580	https://image.aladin.co.kr/product/733/38/cover500/8937462494_2.jpg
b312	9788937462504	무정	이광수	민음사	568	https://image.aladin.co.kr/product/734/12/cover500/8937462508_2.jpg
b313	9788937462511	의지와 운명 1	카를로스 푸엔테스	민음사	388	https://image.aladin.co.kr/product/741/44/cover500/8937462516_2.jpg
b314	9788937462528	의지와 운명 2	카를로스 푸엔테스	민음사	388	https://image.aladin.co.kr/product/741/44/cover500/8937462524_2.jpg
b315	9788937462535	폭력적인 삶	피에르 파올로 파졸리니	민음사	524	https://image.aladin.co.kr/product/747/12/cover500/8937462532_2.jpg
b316	9788937462542	거장과 마르가리타	미하일 불가코프	민음사	696	https://image.aladin.co.kr/product/777/55/cover500/8937462540_2.jpg
b317	9788937462559	경이로운 도시 1	에두아르도 멘도사	민음사	456	https://image.aladin.co.kr/product/638/34/cover500/8937462559_2.jpg
b318	9788937462566	경이로운 도시 2	에두아르도 멘도사	민음사	456	https://image.aladin.co.kr/product/791/96/cover500/8937462567_2.jpg
b319	9788937462573	야콥을 둘러싼 추측들	우베 욘존	민음사	400	https://image.aladin.co.kr/product/804/49/cover500/8937462575_2.jpg
b320	9788937462597	존재하지 않는 기사	이탈로 칼비노	민음사	200	https://image.aladin.co.kr/product/826/96/cover500/8937462591_2.jpg
b321	9788937462603	눈먼 암살자 1	마거릿 애트우드	민음사	496	https://image.aladin.co.kr/product/852/96/cover500/8937462605_2.jpg
b322	9788937462610	눈먼 암살자 2	마거릿 애트우드	민음사	436	https://image.aladin.co.kr/product/852/96/cover500/8937462613_2.jpg
b323	9788937462641	사볼타 사건의 진실	에두아르도 멘도사	민음사	604	https://image.aladin.co.kr/product/851/54/cover500/8937462648_2.jpg
b324	9788937462658	뒤렌마트 희곡선	프리드리히 뒤렌마트	민음사	308	https://image.aladin.co.kr/product/1120/75/cover500/8937462656_2.jpg
b325	9788937443848	이방인	알베르 카뮈	민음사	280	https://image.aladin.co.kr/product/21224/66/cover500/8937443848_1.jpg
b326	9788937462672	페스트	알베르 카뮈	민음사	508	https://image.aladin.co.kr/product/1126/73/cover500/s937462672_2.jpg
b327	9788937462689	검은 튤립	알렉상드르 뒤마	민음사	380	https://image.aladin.co.kr/product/1144/79/cover500/8937462680_2.jpg
b328	9788937462696	베를린 알렉산더 광장 1	알프레트 되블린	민음사	356	https://image.aladin.co.kr/product/1168/25/cover500/8937462699_2.jpg
b329	9788937462702	베를린 알렉산더 광장 2	알프레트 되블린	민음사	444	https://image.aladin.co.kr/product/1168/26/cover500/8937462702_2.jpg
b330	9788937462719	하얀 성	오르한 파묵	민음사	240	https://image.aladin.co.kr/product/1182/22/cover500/8937462710_2.jpg
b331	9788937462726	푸슈킨 선집	알렉산드르 세르게비치 푸시킨	민음사	512	https://image.aladin.co.kr/product/1194/51/cover500/8937462729_2.jpg
b332	9788937462733	유리알 유희 1	헤르만 헤세	민음사	432	https://image.aladin.co.kr/product/1348/44/cover500/8937462737_2.jpg
b333	9788937462740	유리알 유희 2	헤르만 헤세	민음사	364	https://image.aladin.co.kr/product/1348/45/cover500/8937462745_2.jpg
b334	9788937462757	픽션들	호르헤 루이스 보르헤스	민음사	264	https://image.aladin.co.kr/product/1373/13/cover500/8937462753_2.jpg
b335	9788937462764	신의 화살	치누아 아체베	민음사	428	https://image.aladin.co.kr/product/1312/90/cover500/8937462761_2.jpg
b336	9788937462771	빌헬름 텔·간계와 사랑	프리드리히 폰 실러	민음사	512	https://image.aladin.co.kr/product/1405/41/cover500/893746277x_3.jpg
b337	9788937462788	노인과 바다	어니스트 헤밍웨이	민음사	204	https://image.aladin.co.kr/product/1452/24/cover500/8937462788_3.jpg
b338	9788937462795	무기여 잘 있어라	어니스트 헤밍웨이	민음사	544	https://image.aladin.co.kr/product/1452/24/cover500/8937462796_2.jpg
b339	9788937462801	태양은 다시 떠오른다	어니스트 헤밍웨이	민음사	412	https://image.aladin.co.kr/product/1452/25/cover500/893746280x_2.jpg
b340	9788937462818	알레프	호르헤 루이스 보르헤스	민음사	234	https://image.aladin.co.kr/product/1566/8/cover500/8937462818_2.jpg
b341	9788937462825	일곱 박공의 집	너새니얼 호손	민음사	460	https://image.aladin.co.kr/product/1608/29/cover500/8937462826_2.jpg
b342	9788937462832	에마	제인 오스틴	민음사	728	https://image.aladin.co.kr/product/1599/38/cover500/8937462834_2.jpg
b343	9788937462849	죄와 벌 1	표도르 도스토옙스키	민음사	512	https://image.aladin.co.kr/product/1621/17/cover500/8937462842_3.jpg
b344	9788937462856	죄와 벌 2	표도르 도스토옙스키	민음사	536	https://image.aladin.co.kr/product/1621/20/cover500/8937462850_3.jpg
b345	9788937462863	시련	아서 밀러	민음사	256	https://image.aladin.co.kr/product/1733/4/cover500/8937462869_2.jpg
b346	9788937462870	모두가 나의 아들	아서 밀러	민음사	172	https://image.aladin.co.kr/product/1733/4/cover500/8937462877_2.jpg
b347	9788937462887	누구를 위하여 종은 울리나 1	어니스트 헤밍웨이	민음사	484	https://image.aladin.co.kr/product/1751/75/cover500/8937462885_3.jpg
b348	9788937462894	누구를 위하여 종은 울리나 2	어니스트 헤밍웨이	민음사	456	https://image.aladin.co.kr/product/1751/75/cover500/8937462893_3.jpg
b349	9788937462900	구르브 연락 없다	에두아르도 멘도사	민음사	196	https://image.aladin.co.kr/product/1798/43/cover500/8937462907_2.jpg
b350	9788937462917	데카메론 1	조반니 보카치오	민음사	488	https://image.aladin.co.kr/product/1997/13/cover500/8937462915_3.jpg
b351	9788937462924	데카메론 2	조반니 보카치오	민음사	492	https://image.aladin.co.kr/product/1997/13/cover500/s937462923_1.jpg
b352	9788937462931	데카메론 3	조반니 보카치오	민음사	492	https://image.aladin.co.kr/product/1997/14/cover500/8937462931_3.jpg
b353	9788937462948	나누어진 하늘	크리스타 볼프	민음사	396	https://image.aladin.co.kr/product/1974/21/cover500/893746294x_2.jpg
b354	9788937462962	제브데트 씨와 아들들 2	오르한 파묵	민음사	564	https://image.aladin.co.kr/product/1975/93/cover500/8937462966_2.jpg
b355	9788937462979	여인의 초상 1	헨리 제임스	민음사	536	https://image.aladin.co.kr/product/2076/80/cover500/8937462974_2.jpg
b356	9788937462986	여인의 초상 2	헨리 제임스	민음사	496	https://image.aladin.co.kr/product/2076/85/cover500/8937462982_2.jpg
b357	9788937462993	압살롬, 압살롬!	윌리엄 포크너	민음사	584	https://image.aladin.co.kr/product/2081/73/cover500/8937462990_2.jpg
b358	9788937463006	이상 소설 전집	이상	민음사	428	https://image.aladin.co.kr/product/2062/36/cover500/8937463008_2.jpg
b359	9788937463013	레 미제라블1	빅토르 위고	민음사	532	https://image.aladin.co.kr/product/2067/13/cover500/8937463016_2.jpg
b360	9788937463020	레 미제라블2	빅토르 위고	민음사	468	https://image.aladin.co.kr/product/2067/36/cover500/8937463024_2.jpg
b361	9788937463037	레 미제라블3	빅토르 위고	민음사	432	https://image.aladin.co.kr/product/2067/36/cover500/8937463032_2.jpg
b362	9788937463044	레 미제라블4	빅토르 위고	민음사	600	https://image.aladin.co.kr/product/2067/37/cover500/8937463040_2.jpg
b363	9788937463051	레 미제라블5	빅토르 위고	민음사	524	https://image.aladin.co.kr/product/2067/37/cover500/8937463059_2.jpg
b364	9788937463068	관객모독	페터 한트케	민음사	104	https://image.aladin.co.kr/product/2155/35/cover500/s512636989_1.jpg
b365	9788937463075	더블린 사람들	제임스 조이스	민음사	360	https://image.aladin.co.kr/product/2220/96/cover500/8937463075_2.jpg
b366	9788937463082	에드거 앨런 포 단편선	에드거 앨런 포	민음사	336	https://image.aladin.co.kr/product/2374/7/cover500/8937463083_2.jpg
b367	9788937463099	보이체크·당통의 죽음	게오르그 뷔히너	민음사	264	https://image.aladin.co.kr/product/2373/41/cover500/8937463091_2.jpg
b368	9788937463105	노르웨이의 숲	무라카미 하루키	민음사	508	https://image.aladin.co.kr/product/2997/41/cover500/8937463105_3.jpg
b369	9788937463112	운명론자 자크와 그의 주인	드니 디드로	민음사	500	https://image.aladin.co.kr/product/3140/50/cover500/8937463113_1.jpg
b370	9788937463129	헤밍웨이 단편선 1	어니스트 헤밍웨이	민음사	352	https://image.aladin.co.kr/product/3246/29/cover500/8937463121_1.jpg
b371	9788937463136	헤밍웨이 단편선 2	어니스트 헤밍웨이	민음사	336	https://image.aladin.co.kr/product/3246/34/cover500/893746313x_1.jpg
b372	9788937463143	피라미드	윌리엄 골딩	민음사	324	https://image.aladin.co.kr/product/3202/57/cover500/8937463148_1.jpg
b373	9788937463150	닫힌 방. 악마와 선한 신	장폴 사르트르	민음사	380	https://image.aladin.co.kr/product/3258/88/cover500/8937463156_1.jpg
b374	9788937463167	등대로	버지니아 울프	민음사	372	https://image.aladin.co.kr/product/3613/60/cover500/8937463164_1.jpg
b375	9788937463174	한국 희곡선 1		민음사	680	https://image.aladin.co.kr/product/3710/13/cover500/8937463172_1.jpg
b376	9788937463181	한국 희곡선 2		민음사	652	https://image.aladin.co.kr/product/3710/16/cover500/8937463180_1.jpg
b377	9788937463198	여자의 일생	기 드 모파상	민음사	370	https://image.aladin.co.kr/product/3870/26/cover500/8937463199_1.jpg
b378	9788937463204	의식	세스 노터봄	민음사	284	https://image.aladin.co.kr/product/4090/2/cover500/8937463202_1.jpg
b379	9788937463211	육체의 악마	레이몽 라디게	민음사	212	https://image.aladin.co.kr/product/4118/77/cover500/8937463210_1.jpg
b380	9788937463228	감정 교육 1	귀스타브 플로베르	민음사	392	https://image.aladin.co.kr/product/4429/43/cover500/8937463229_1.jpg
b381	9788937463235	감정 교육 2	귀스타브 플로베르	민음사	328	https://image.aladin.co.kr/product/4429/44/cover500/8937463237_1.jpg
b382	9788937463242	불타는 평원	후안 페레스 룰포	민음사	224	https://image.aladin.co.kr/product/4553/29/cover500/8937463245_1.jpg
b383	9788937463259	위대한 몬느	알랭푸르니에	민음사	400	https://image.aladin.co.kr/product/4638/62/cover500/8937463253_1.jpg
b384	9788937463266	라쇼몬	아쿠타가와 류노스케	민음사	320	https://image.aladin.co.kr/product/4759/87/cover500/8937463261_1.jpg
b385	9788937463273	반바지 당나귀	앙리 보스코	민음사	336	https://image.aladin.co.kr/product/4898/72/cover500/893746327x_1.jpg
b386	9788937463280	정복자들	앙드레 말로	민음사	320	https://image.aladin.co.kr/product/4999/2/cover500/8937463288_1.jpg
b387	9788937463297	우리 동네 아이들 1	나지브 마흐푸즈	민음사	452	https://image.aladin.co.kr/product/5305/73/cover500/8937463296_1.jpg
b388	9788937463303	우리 동네 아이들 2	나지브 마흐푸즈	민음사	384	https://image.aladin.co.kr/product/5305/84/cover500/893746330x_1.jpg
b389	9788937463310	개선문 1	에리히 마리아 레마르크	민음사	392	https://image.aladin.co.kr/product/5324/95/cover500/8937463318_1.jpg
b390	9788937463327	개선문 2	에리히 마리아 레마르크	민음사	408	https://image.aladin.co.kr/product/5324/97/cover500/8937463326_1.jpg
b391	9788937463334	사바나의 개미 언덕	치누아 아체베	민음사	409	https://image.aladin.co.kr/product/5714/15/cover500/8937463334_1.jpg
b392	9788937463341	게걸음으로	귄터 그라스	민음사	300	https://image.aladin.co.kr/product/5929/48/cover500/8937463342_1.jpg
b393	9788937463358	코스모스	비톨트 곰브로비치	민음사	364	https://image.aladin.co.kr/product/6052/36/cover500/8937463350_1.jpg
b394	9788937463365	좁은 문•전원교향곡•배덕자	앙드레 지드	민음사	528	https://image.aladin.co.kr/product/6419/59/cover500/8937463369_1.jpg
b395	9788937463372	암 병동 1	알렉산드르 솔제니친	민음사	488	https://image.aladin.co.kr/product/6711/24/cover500/8937463377_1.jpg
b396	9788937463389	암 병동 2	알렉산드르 솔제니친	민음사	424	https://image.aladin.co.kr/product/6711/29/cover500/8937463385_1.jpg
b397	9788937463396	피의 꽃잎들	응구기 와 시옹오	민음사	700	https://image.aladin.co.kr/product/6835/25/cover500/8937463393_1.jpg
b398	9788937463402	운명	임레 케르테스	민음사	316	https://image.aladin.co.kr/product/8356/49/cover500/8937463407_2.jpg
b399	9788937463419	벌거벗은 자와 죽은 자 1	노먼 메일러	민음사	724	https://image.aladin.co.kr/product/8388/38/cover500/8937463415_1.jpg
b400	9788937463426	벌거벗은 자와 죽은 자 2	노먼 메일러	민음사	524	https://image.aladin.co.kr/product/8388/41/cover500/8937463423_1.jpg
b401	9788937463433	시지프 신화	알베르 카뮈	민음사	320	https://image.aladin.co.kr/product/8607/44/cover500/8937463431_1.jpg
b402	9788937463440	뇌우	차오위	민음사	312	https://image.aladin.co.kr/product/8732/18/cover500/893746344x_1.jpg
b403	9788937463457	모옌 중단편선	모옌	민음사	384	https://image.aladin.co.kr/product/9534/89/cover500/k272434828_2.jpg
b404	9788937463464	일야서	한사오궁	민음사	608	https://image.aladin.co.kr/product/10104/0/cover500/8937463466_1.jpg
b405	9788937463471	상속자들	윌리엄 골딩	민음사	296	https://image.aladin.co.kr/product/10588/72/cover500/8937463474_1.jpg
b406	9788937463488	설득	제인 오스틴	민음사	389	https://image.aladin.co.kr/product/10844/14/cover500/8937463482_1.jpg
b407	9788937463495	히로시마 내 사랑	마르그리트 뒤라스	민음사	208	https://image.aladin.co.kr/product/11260/82/cover500/8937463490_1.jpg
b408	9788937463501	오 헨리 단편선	오 헨리	민음사	380	https://image.aladin.co.kr/product/11356/27/cover500/8937463504_2.jpg
b409	9788937463518	올리버 트위스트 1	찰스 디킨스	민음사	420	https://image.aladin.co.kr/product/14312/81/cover500/8937463512_1.jpg
b410	9788937463525	올리버 트위스트 2	찰스 디킨스	민음사	432	https://image.aladin.co.kr/product/14312/83/cover500/8937463520_1.jpg
b411	9788937463532	전쟁과 평화 1	레프 니콜라예비치 톨스토이	민음사	700	https://image.aladin.co.kr/product/15268/43/cover500/8937463539_1.jpg
b412	9788937463549	전쟁과 평화 2	레프 니콜라예비치 톨스토이	민음사	760	https://image.aladin.co.kr/product/15268/47/cover500/8937463547_1.jpg
b413	9788937463556	전쟁과 평화 3	레프 니콜라예비치 톨스토이	민음사	780	https://image.aladin.co.kr/product/15268/48/cover500/8937463555_1.jpg
b414	9788937463563	전쟁과 평화 4	레프 니콜라예비치 톨스토이	민음사	748	https://image.aladin.co.kr/product/15268/48/cover500/8937463563_1.jpg
b415	9788937463570	다시 찾은 브라이즈헤드	에벌린 워	민음사	604	https://image.aladin.co.kr/product/16869/51/cover500/8937463571_1.jpg
b416	9788937463594	사양	다자이 오사무	민음사	188	https://image.aladin.co.kr/product/16936/75/cover500/8937463598_1.jpg
b417	9788937463600	좌절	임레 케르테스	민음사	508	https://image.aladin.co.kr/product/17659/12/cover500/8937463601_1.jpg
b418	9788937463624	닥터 지바고 2	보리스 파스테르나크	민음사	564	https://image.aladin.co.kr/product/17975/12/cover500/8937463628_1.jpg
b419	9788937463631	노생거 사원	제인 오스틴(Jane Austen)	민음사	360	https://image.aladin.co.kr/product/19519/38/cover500/8937463636_1.jpg
b420	9788937463648	개구리	모옌	민음사	604	https://image.aladin.co.kr/product/27406/75/cover500/8937463644_1.jpg
b421	9788937463655	마왕	미셸 투르니에	민음사	552	https://image.aladin.co.kr/product/23096/40/cover500/8937463652_1.jpg
b422	9788937463662	맨스필드 파크	제인 오스틴	민음사	704	https://image.aladin.co.kr/product/24054/37/cover500/8937463660_1.jpg
b423	9788937463679	이선 프롬	이디스 워튼	민음사	212	https://image.aladin.co.kr/product/24932/65/cover500/8937463679_1.jpg
b424	9788937463686	여름	이디스 워튼	민음사	308	https://image.aladin.co.kr/product/24932/64/cover500/8937463687_1.jpg
b425	9788937463693	나는 고백한다 1	자우메 카브레	민음사	448	https://image.aladin.co.kr/product/25835/61/cover500/8937463695_1.jpg
b426	9788937463709	나는 고백한다 2	자우메 카브레	민음사	388	https://image.aladin.co.kr/product/25835/99/cover500/8937463709_1.jpg
b427	9788937463716	나는 고백한다 3	자우메 카브레	민음사	424	https://image.aladin.co.kr/product/25836/2/cover500/8937463717_1.jpg
b428	9788937463723	태엽 감는 새 연대기 1	무라카미 하루키	민음사	320	https://image.aladin.co.kr/product/25961/5/cover500/8937463725_1.jpg
b429	9788937463730	태엽 감는 새 연대기 2	무라카미 하루키	민음사	360	https://image.aladin.co.kr/product/25961/30/cover500/8937463733_1.jpg
b430	9788937463747	태엽 감는 새 연대기 3	무라카미 하루키	민음사	512	https://image.aladin.co.kr/product/25961/32/cover500/8937463741_1.jpg
b431	9788937463754	대사들 1	헨리 제임스	민음사	436	https://image.aladin.co.kr/product/26544/73/cover500/893746375x_1.jpg
b432	9788937463761	대사들 2	헨리 제임스	민음사	364	https://image.aladin.co.kr/product/26544/81/cover500/8937463768_1.jpg
b433	9788937463778	족장의 가을	가브리엘 가르시아 마르케스	민음사	408	https://image.aladin.co.kr/product/26566/21/cover500/8937463776_1.jpg
b434	9788937463792	모두 다 예쁜 말들	코맥 매카시	민음사	456	https://image.aladin.co.kr/product/27589/56/cover500/8937463792_1.jpg
b435	9788937463808	국경을 넘어	코맥 매카시	민음사	620	https://image.aladin.co.kr/product/27590/71/cover500/8937463806_1.jpg
b436	9788937463815	평원의 도시들	코맥 매카시	민음사	444	https://image.aladin.co.kr/product/27590/70/cover500/8937463814_1.jpg
b437	9788937463822	만년	다자이 오사무	민음사	360	https://image.aladin.co.kr/product/27521/82/cover500/8937463822_2.jpg
b438	9788937463839	반항하는 인간	알베르 카뮈	민음사	640	https://image.aladin.co.kr/product/27406/76/cover500/8937463830_1.jpg
b439	9788937463846	악령 1	표도르 도스토옙스키	민음사	360	https://image.aladin.co.kr/product/27436/74/cover500/8937463849_1.jpg
b440	9788937463853	악령 2	표도르 도스토옙스키	민음사	444	https://image.aladin.co.kr/product/27436/80/cover500/8937463857_1.jpg
b441	9788937463860	악령 3	표도르 도스토옙스키	민음사	472	https://image.aladin.co.kr/product/27436/80/cover500/8937463865_1.jpg
b442	9788937463877	태평양을 막는 제방	마르그리트 뒤라스	민음사	404	https://image.aladin.co.kr/product/27903/29/cover500/8937463873_1.jpg
b443	9788937463884	남아 있는 나날	가즈오 이시구로	민음사	348	https://image.aladin.co.kr/product/27743/91/cover500/8937463881_1.jpg
b444	9788937463891	앙리 브륄라르의 생애	스탕달	민음사	600	https://image.aladin.co.kr/product/28102/29/cover500/893746389x_1.jpg
b445	9788937463907	찻집	라오서	민음사	160	https://image.aladin.co.kr/product/28536/72/cover500/8937463903_1.jpg
b446	9788937463914	태어나지 않은 아이를 위한 기도	임레 케르테스	민음사	204	https://image.aladin.co.kr/product/28908/66/cover500/8937463911_1.jpg
b447	9788937463921	서머싯 몸 단편선 1	서머싯 몸	민음사	400	https://image.aladin.co.kr/product/27942/23/cover500/893746392x_1.jpg
b448	9788937463938	서머싯 몸 단편선 2	서머싯 몸	민음사	436	https://image.aladin.co.kr/product/27942/43/cover500/8937463938_1.jpg
b449	9788937463945	케이크와 맥주	서머싯 몸	민음사	328	https://image.aladin.co.kr/product/27942/24/cover500/8937463946_1.jpg
b450	9788937463952	월든	헨리 데이비드 소로	민음사	516	https://image.aladin.co.kr/product/28350/32/cover500/8937463954_1.jpg
b451	9788937463969	모래 사나이	E.T.A. 호프만	민음사	212	https://image.aladin.co.kr/product/28509/15/cover500/8937463962_1.jpg
b452	9788937463976	검은 책 1	오르한 파묵	민음사	364	https://image.aladin.co.kr/product/28966/16/cover500/8937463970_1.jpg
b453	9788937463983	검은 책 2	오르한 파묵	민음사	372	https://image.aladin.co.kr/product/28966/22/cover500/8937463989_1.jpg
b454	9788937463990	방랑자들	올가 토카르추크	민음사	656	https://image.aladin.co.kr/product/28970/39/cover500/k152836820_1.jpg
b455	9788937464003	시여, 침을 뱉어라	김수영	민음사	300	https://image.aladin.co.kr/product/28856/16/cover500/8937464004_1.jpg
b456	9788937464010	환락의 집 1	이디스 워튼	민음사	348	https://image.aladin.co.kr/product/29246/2/cover500/8937464012_1.jpg
b457	9788937464027	환락의 집 2	이디스 워튼	민음사	304	https://image.aladin.co.kr/product/29246/7/cover500/8937464020_1.jpg
b458	9788937464034	달려라 메로스	다자이 오사무	민음사	328	https://image.aladin.co.kr/product/29613/2/cover500/8937464039_1.jpg
b459	9788937464041	아버지와 자식	이반 세르게예비치 투르게네프	민음사	400	https://image.aladin.co.kr/product/29489/79/cover500/8937464047_1.jpg
b460	9788937464058	청부 살인자의 성모	페르난도 바예호	민음사	212	https://image.aladin.co.kr/product/29521/98/cover500/8937464055_1.jpg
b461	9788937464065	세피아빛 초상	이사벨 아옌데	민음사	452	https://image.aladin.co.kr/product/29663/78/cover500/8937464063_1.jpg
b462	9788937464072	사기 열전1	사마천	민음사	464	https://image.aladin.co.kr/product/29624/52/cover500/8937464071_1.jpg
b463	9788937464089	사기 열전2	사마천	민음사	480	https://image.aladin.co.kr/product/29624/53/cover500/893746408x_1.jpg
b464	9788937464096	사기 열전3	사마천	민음사	488	https://image.aladin.co.kr/product/29624/56/cover500/8937464098_1.jpg
b465	9788937464102	사기 열전4	사마천	민음사	500	https://image.aladin.co.kr/product/29624/57/cover500/8937464101_1.jpg
b466	9788937464119	이상 시 전집	이상	민음사	616	https://image.aladin.co.kr/product/30035/66/cover500/893746411x_1.jpg
b467	9788937464126	어둠 속의 사건	오노레 드 발자크	민음사	364	https://image.aladin.co.kr/product/29895/64/cover500/8937464128_1.jpg
b468	9788937464133	태평천하	채만식	민음사	340	https://image.aladin.co.kr/product/30048/99/cover500/8937464136_1.jpg
b469	9788937464140	노스트로모 1	조지프 콘래드	민음사	384	https://image.aladin.co.kr/product/30263/36/cover500/8937464144_1.jpg
b470	9788937464157	노스트로모 2	조지프 콘래드	민음사	356	https://image.aladin.co.kr/product/30263/39/cover500/8937464152_1.jpg
b471	9788937464164	제르미날 1	에밀 졸라	민음사	452	https://image.aladin.co.kr/product/30428/60/cover500/8937464160_1.jpg
b472	9788937464171	제르미날 2	에밀 졸라	민음사	452	https://image.aladin.co.kr/product/30428/63/cover500/8937464179_1.jpg
b473	9788937464188	명인	가와바타 야스나리	민음사	188	https://image.aladin.co.kr/product/32100/96/cover500/8937464187_1.jpg
b474	9788937464195	핀처 마틴	윌리엄 골딩	민음사	328	https://image.aladin.co.kr/product/30568/79/cover500/8937464195_1.jpg
b475	9788937464201	사라진·샤베르 대령	오노레 드 발자크	민음사	216	https://image.aladin.co.kr/product/31340/24/cover500/8937464209_1.jpg
b476	9788937464218	빅 서	잭 케루악	민음사	300	https://image.aladin.co.kr/product/32455/94/cover500/8937464217_1.jpg
b477	9788937464225	코뿔소	외젠 이오네스코	민음사	220	https://image.aladin.co.kr/product/32286/44/cover500/8937464225_1.jpg
b478	9788937464232	블랙박스	아모스 오즈	민음사	472	https://image.aladin.co.kr/product/32313/66/cover500/8937464233_1.jpg
b479	9788937464249	고양이 눈 1	마거릿 애트우드	민음사	356	https://image.aladin.co.kr/product/32701/56/cover500/8937464241_1.jpg
b480	9788937464256	고양이 눈 2	마거릿 애트우드	민음사	432	https://image.aladin.co.kr/product/32701/61/cover500/893746425x_1.jpg
b481	9788937464263	도둑 신부 1	마거릿 애트우드	민음사	548	https://image.aladin.co.kr/product/32701/67/cover500/8937464268_1.jpg
b482	9788937464270	도둑 신부 2	마거릿 애트우드	민음사	380	https://image.aladin.co.kr/product/32701/71/cover500/8937464276_1.jpg
b483	9788937464287	슈니츨러 작품선	아르투어 슈니츨러(Arthur Schnitzler)	민음사	300	https://image.aladin.co.kr/product/33416/99/cover500/8937464284_1.jpg
b484	9788937464294	세계의 끝과 하드보일드 원더랜드 1	무라카미 하루키	민음사	392	https://image.aladin.co.kr/product/32730/16/cover500/8937464292_1.jpg
b485	9788937464300	세계의 끝과 하드보일드 원더랜드 2	무라카미 하루키	민음사	348	https://image.aladin.co.kr/product/32730/19/cover500/8937464306_1.jpg
b486	9788937464317	멜랑콜리아 I-II	욘 포세	민음사	540	https://image.aladin.co.kr/product/32587/47/cover500/s382935659_1.jpg
b487	9788937464324	도적들	프리드리히 폰 실러	민음사	324	https://image.aladin.co.kr/product/33141/31/cover500/8937464322_1.jpg
b488	9788937464331	예브게니 오네긴·대위의 딸	알렉산드르 세르게비치 푸시킨	민음사	536	https://image.aladin.co.kr/product/32993/16/cover500/8937464330_1.jpg
b489	9788937464348	초대받은 여자 1	시몬 드 보부아르	민음사	420	https://image.aladin.co.kr/product/33439/9/cover500/8937464349_1.jpg
b490	9788937464355	초대받은 여자 2	시몬 드 보부아르	민음사	416	https://image.aladin.co.kr/product/33439/9/cover500/8937464357_2.jpg
b491	9788937464362	미들마치 1	조지 엘리엇	민음사	720	https://image.aladin.co.kr/product/33198/34/cover500/8937464365_1.jpg
b492	9788937464379	미들마치 2	조지 엘리엇	민음사	696	https://image.aladin.co.kr/product/33198/39/cover500/8937464373_1.jpg
b493	9788937464386	이반 일리치의 죽음	레프 니콜라예비치 톨스토이	민음사	144	https://image.aladin.co.kr/product/33025/31/cover500/8937464381_1.jpg
b494	9788937464393	캔터베리 이야기 1	제프리 초서	민음사	484	https://image.aladin.co.kr/product/33143/33/cover500/893746439x_1.jpg
b495	9788937464409	캔터베리 이야기 2	제프리 초서	민음사	440	https://image.aladin.co.kr/product/33143/49/cover500/8937464403_1.jpg
b496	9788937464416	아소무아르 1	에밀 졸라	민음사	380	https://image.aladin.co.kr/product/33928/23/cover500/8937464411_1.jpg
b497	9788937464423	아소무아르 2	에밀 졸라	민음사	376	https://image.aladin.co.kr/product/33928/27/cover500/893746442x_1.jpg
b498	9788937464430	가난한 사람들	표도르 도스토옙스키	민음사	252	https://image.aladin.co.kr/product/33974/24/cover500/8937464438_1.jpg
b499	9788937464447	마차오 사전 1	한사오궁	민음사	376	https://image.aladin.co.kr/product/34545/37/cover500/8937464446_1.jpg
b500	9788937464454	마차오 사전 2	한사오궁	민음사	368	https://image.aladin.co.kr/product/34545/56/cover500/8937464454_1.jpg
b501	9788937464461	집으로 날아가다	랠프 엘리슨	민음사	292	https://image.aladin.co.kr/product/35008/84/cover500/8937464462_1.jpg
b502	9788937464478	집으로부터 멀리	피터 케리	민음사	544	https://image.aladin.co.kr/product/34587/68/cover500/8937464470_1.jpg
b503	9788937464485	바스커빌가의 사냥개	아서 코난 도일	민음사	276	https://image.aladin.co.kr/product/35220/85/cover500/8937464489_1.jpg
b504	9788937460005	사냥꾼의 스케치	이반 세르게예비치 투르게네프	민음사	672	https://image.aladin.co.kr/product/29868/69/cover500/scm2068344669053.jpg
b505	9788937464508	필경사 바틀비‧선원 빌리 버드	허먼 멜빌	민음사	280	https://image.aladin.co.kr/product/34648/52/cover500/8937464500_1.jpg
b506	9788937464515	8월은 악마의 달	에드나 오브라이언	민음사	260	https://image.aladin.co.kr/product/34978/15/cover500/8937464519_1.jpg
b507	9788937464522	헌등사	다와다 요코	민음사	272	https://image.aladin.co.kr/product/35345/99/cover500/8937464527_1.jpg
b508	9788937464539	색, 계	장애령	민음사	304	https://image.aladin.co.kr/product/35452/31/cover500/8937464535_1.jpg
b509	9788937464546	겨울 여행	자우메 카브레	민음사	308	https://image.aladin.co.kr/product/35808/73/cover500/8937464543_1.jpg
b510	9788937464553	기억의 빛	마이클 온다치	민음사	344	https://image.aladin.co.kr/product/35643/22/cover500/8937464551_1.jpg
b511	9788937464560	표범	주세페 토마시 디 람페두사	민음사	376	https://image.aladin.co.kr/product/35225/2/cover500/893746456x_1.jpg
b512	9788937464577	크리스마스 캐럴	찰스 디킨스	민음사	332	https://image.aladin.co.kr/product/35359/59/cover500/8937464578_1.jpg
b513	9788937464584	버진 수어사이드	제프리 유제니디스Jeffrey Eugenides	민음사	344	https://image.aladin.co.kr/product/35708/3/cover500/8937464586_1.jpg
b514	9788937464591	미들섹스 1	제프리 유제니디스Jeffrey Eugenides	민음사	496	https://image.aladin.co.kr/product/35708/6/cover500/8937464594_1.jpg
b515	9788937464607	미들섹스 2	제프리 유제니디스Jeffrey Eugenides	민음사	492	https://image.aladin.co.kr/product/35708/14/cover500/8937464608_1.jpg
b516	9788937464614	사랑에 대하여	안톤 파블로비치 체호프	민음사	272	https://image.aladin.co.kr/product/35632/34/cover500/8937464616_1.jpg
b517	9788937464621	나?	페터 플람	민음사	208	https://image.aladin.co.kr/product/35894/23/cover500/8937464624_1.jpg
b518	9788937464638	지킬 박사와 하이드 씨의 기이한 사건	로버트 루이스 스티븐슨	민음사	148	https://image.aladin.co.kr/product/35935/85/cover500/8937464632_2.jpg
b519	9788937464645	박지원 소설선	박지원	민음사	264	https://image.aladin.co.kr/product/37553/87/cover500/8937464640_1.jpg
b520	9788937464652	안과 겉‧결혼‧여름	알베르 카뮈	민음사	304	https://image.aladin.co.kr/product/36167/86/cover500/8937464659_1.jpg
b521	9788937464669	소중한 저주	제럴드 머네인	민음사	424	https://image.aladin.co.kr/product/36263/38/cover500/8937464667_1.jpg
b522	9788937464676	향성	나탈리 사로트	민음사	92	https://image.aladin.co.kr/product/36157/40/cover500/8937464675_1.jpg
b523	9788937464683	퀴어	윌리엄 S. 버로스	민음사	196	https://image.aladin.co.kr/product/36466/40/cover500/8937464683_1.jpg
b524	9788937464690	악수도 없이 헤어졌다	피천득	민음사	304	https://image.aladin.co.kr/product/38195/3/cover500/8937464691_1.jpg
b525	9788937464713	쓰가루	다자이 오사무	민음사	232	https://image.aladin.co.kr/product/38138/2/cover500/8937464713_1.jpg
b526	9788937464720	사람은 무엇으로 사는가	레프 니콜라예비치 톨스토이	민음사	384	https://image.aladin.co.kr/product/37686/72/cover500/8937464721_1.jpg
b527	9788937464737	도련님	나쓰메 소세키	민음사	240	https://image.aladin.co.kr/product/37156/85/cover500/893746473x_1.jpg
b528	9788937464744	골짜기의 백합	오노레 드 발자크	민음사	488	https://image.aladin.co.kr/product/38811/55/cover500/8937464748_1.jpg
b529	9788937464768	레볼루셔너리 로드	리처드 예이츠	민음사	524	https://image.aladin.co.kr/product/38204/45/cover500/8937464764_1.jpg
b530	9788937464805	노스탈지아	미르체아 커르터레스쿠	민음사	604	https://image.aladin.co.kr/product/38894/96/cover500/8937464802_1.jpg
b531	9788937464812	명심보감	범립본	민음사	280	https://image.aladin.co.kr/product/38815/81/cover500/8937464810_1.jpg
b532	9788937464843	댈러웨이 부인	버지니아 울프	민음사	296	https://image.aladin.co.kr/product/38149/82/cover500/8937464845_1.jpg
b533	9788937464867	잃어버린 환상 1	오노레 드 발자크	민음사	240	https://image.aladin.co.kr/product/38894/62/cover500/8937464861_1.jpg
b534	9788937464874	잃어버린 환상 2	오노레 드 발자크	민음사	516	https://image.aladin.co.kr/product/38894/71/cover500/893746487x_1.jpg
b535	9788937464881	잃어버린 환상 3	오노레 드 발자크	민음사	356	https://image.aladin.co.kr/product/38894/83/cover500/8937464888_1.jpg
b536	9788937464898	사교계의 영광과 비참 1	오노레 드 발자크	민음사	552	https://image.aladin.co.kr/product/38894/73/cover500/8937464896_1.jpg
b537	9788937464904	사교계의 영광과 비참 2	오노레 드 발자크	민음사	580	https://image.aladin.co.kr/product/38894/80/cover500/893746490x_1.jpg
b538	9788937461668	삼국유사	일연	민음사	700	https://image.aladin.co.kr/product/29103/28/cover500/8937461668_2.jpg
b539	9788937463587	아무도 대령에게 편지하지 않다	가브리엘 가르시아 마르케스	민음사	156	https://image.aladin.co.kr/product/17381/89/cover500/893746358x_1.jpg
b540	9788937463617	닥터 지바고 1	보리스 파스테르나크	민음사	464	https://image.aladin.co.kr/product/17975/10/cover500/893746361x_1.jpg
b541	9788937463785	핏빛 자오선	코맥 매카시	민음사	484	https://image.aladin.co.kr/product/27589/56/cover500/8937463784_1.jpg
b542	9788937464706	버지니아 울프 단편선	버지니아 울프	민음사	268	https://image.aladin.co.kr/product/36973/66/cover500/8937464705_1.jpg
b543	9788937464775	처형인의 노래 1	노먼 메일러	민음사	836	https://image.aladin.co.kr/product/39100/60/cover500/8937464772_1.jpg
b544	9788937464782	처형인의 노래 2	노먼 메일러	민음사	928	https://image.aladin.co.kr/product/39100/66/cover500/8937464780_1.jpg
b545	9788937464799	금색야차	오자키 고요	민음사	608	https://image.aladin.co.kr/product/39252/57/cover500/8937464799_1.jpg
b546	9788937464829	드라큘라 1	브램 스토커	민음사	304	https://image.aladin.co.kr/product/39196/0/cover500/8937464829_1.jpg
b547	9788937464836	드라큘라 2	브램 스토커	민음사	428	https://image.aladin.co.kr/product/39196/4/cover500/8937464837_1.jpg
b548	9788937464959	야생 종려나무	윌리엄 포크너	민음사	436	https://image.aladin.co.kr/product/39170/8/cover500/8937464950_1.jpg
